"","Agency","Progressiveness","Communion"
"1",0.0940580474828992,-0.118403276274101,0.0201419954661106
"2",0.126433228230598,-0.063232493497601,0.00779334979609882
"3",0.0912550900000512,-0.0780353034312401,0.0447529961067746
"4",0.136003658719467,-0.132618104572653,0.0256755241583915
"5",0.120498146283336,-0.0856835944703422,0.0382955855405958
"6",0.0764532085728518,-0.0810467635874831,0.0379047042484547
"7",0.0892654027083917,-0.0588139858210236,0.0422653880616001
"8",0.113757072992521,-0.144113395318781,0.00199641672300759
"9",0.0857476616722361,-0.0690073042624454,-0.021580462595915
"10",0.110037570463056,-0.139213191787738,0.00729844510584967
"11",0.0667688999686054,-0.0744982453265092,-0.0454574899259408
"12",0.0928680076127555,-0.13139081725483,0.0190149496252376
"13",0.0594671340620639,-0.0720360802441131,-0.0254834963249584
"14",0.058126991335394,-0.0524863066744592,0.00960107494531481
"15",0.135411750578692,-0.13024671007408,-0.00711679290859486
"16",0.0878073777790734,-0.0644157147624492,-0.0479512849168546
"17",0.084294078846389,-0.0958132119579352,-0.0272837255107949
"18",0.110961564538805,-0.0931643381623331,0.0559740381959659
"19",0.107625612582677,-0.0436086839389641,0.0798880047557978
"20",0.121324207689712,-0.079394616827133,-0.0199138616970204
"21",0.0849388293771225,-0.0567524040481189,-0.0204421546572481
"22",0.0956128944896036,-0.109759797228847,0.0201708377877992
"23",0.0650686647851072,-0.0841019589592903,0.013165548766631
"24",0.100771784177322,-0.06757697053486,0.00782323121657026
"25",0.120137610467549,-0.0608746824552449,0.00363652661277416
"26",0.146182584841166,-0.105126955653618,0.00711196895557765
"27",0.101325316069278,-0.0602352319740286,0.0341299453014853
"28",0.167382337109247,-0.130842967638151,0.019198376747299
"29",0.149851177892511,-0.0861881390222019,-0.00421625679404048
"30",0.108137007202532,-0.0536908637702362,-0.0224895600136403
"31",0.127157086947795,-0.0813055960794412,-0.00612817397352896
"32",0.153947996008296,-0.0695954709215189,-0.0158155964451661
"33",0.146504491428925,-0.0585246957298257,-0.0126491195600847
"34",0.187834306033866,-0.0418850801662389,-0.00629711923575136
"35",0.141223957625097,-0.0586915007608426,0.0152104630228504
"36",0.115787878008946,-0.0297922173399206,0.0531814128720983
"37",0.130930450487354,-0.0591358511439887,0.0769317220783673
"38",0.111751590623072,-0.0785052359065061,0.0160576738056531
"39",0.117623317828764,-0.0359157692665116,0.0426450409982593
"40",0.100708143085724,-0.0384208135719388,-0.00277225296938413
"41",0.0732095612364074,-0.0367163495615968,0.0839074474455957
"42",0.113506771043053,-0.0273881675163673,0.0370875220843824
"43",0.0941267885623433,-0.0620698382540534,0.0368371027676141
"44",0.0940571119461099,-0.0142326504283303,0.00682982415770259
"45",0.148518394521405,-0.0528620428028762,-0.0114415752517176
"46",0.131556479934275,-0.00452469647094596,0.0362249160173557
"47",0.095764353240878,-0.02770700960858,-0.00777910871866746
"48",0.0980129513909514,-0.126733543945762,-0.0278795010978169
"49",0.108439912179149,-0.0588282916853423,0.0146106329715022
"50",0.115021087664284,-0.141809831201946,0.00724946545515626
"51",0.0656876628197892,-0.0632247518298697,-0.00841291873953142
"52",0.134600952268635,-0.0519798423275929,0.0143955717637775
"53",0.101518517996783,-0.0840491554701608,-0.0180459638353663
"54",0.0433042548146235,-0.0771689731545315,-0.0822379464102516
"55",0.0399391281082731,-0.0880250359863407,-0.0278576323905846
"56",0.170875714790495,-0.0409954259683783,0.0223178198104288
"57",0.129149161519484,-0.0513000187975396,0.0452336724303294
"58",0.150909424391266,-0.0607845458700016,0.0156915249968964
"59",0.127069955956706,-0.0102230415932813,0.0312762490787367
"60",0.109004307133184,-0.0769451413023364,0.0301380835278625
"61",0.127465311083825,0.0255363678519263,0.0192060814159717
"62",0.120219129856078,-0.0304931142050258,0.0195873847544713
"63",0.171194096062678,-0.0577108053757069,0.0477924718488625
"64",0.139651759789319,-0.134483528044968,-0.00680333608687615
"65",0.140094315147283,-0.0924873209340774,-0.0129683151125385
"66",0.181948816697966,-0.0766138273139624,0.0909087847053307
"67",0.17086795074341,-0.0522508169212093,-0.044773866230318
"68",0.1090603307105,-0.0491325709807418,-0.0054338021570815
"69",0.113572847813796,-0.0457368259258773,0.0550379952768115
"70",0.137467605781029,-0.0835564687855485,0.0240048034660217
"71",0.0908790163446579,-0.0637538959006862,0.0181410482737221
"72",0.0773178028328427,-0.122382441750889,0.00719266499137354
"73",0.0920478032576467,-0.0732850696180391,0.0203945149170104
"74",0.115000934258361,-0.0644357300052697,0.00609488726567888
"75",0.0720558184923399,0.0144168628856322,0.0107581828151822
"76",0.110853315851081,-0.0648695265815074,0.033927873261569
"77",0.107247193477293,-0.0256033155844574,-0.00453988858268194
"78",0.104754678734377,-0.0775829258790049,-0.0223926058052087
"79",0.0693420272361465,-0.103020023820886,-0.061823184270152
"80",0.124809826874879,-0.0766079801933929,0.0146954719106238
"81",0.0885493592799135,-0.0833516193007276,0.0309705894101792
"82",0.0988267274630192,-0.125620043806597,-0.0223362651424072
"83",0.00972857140909293,-0.0595551248676929,0.0558045874048858
"84",0.0911591677096014,-0.104483953636294,-0.00139413648622286
"85",0.134578283527249,-0.0930205286544599,-0.0250529112020311
"86",0.0937415284527597,-0.0374564321157111,0.00950488184212872
"87",0.124317459344528,-0.0698460863869266,0.0116297210587668
"88",0.121967173513928,-0.100097833004662,0.0416101748403138
"89",0.125526864078165,-0.0882486149083864,0.0479250036980921
"90",0.0638613562940526,-0.0343505490395001,0.0268994098133053
"91",0.117670019530617,-0.0711385617742361,-0.00583568710073715
"92",0.128793173038736,-0.0697479362057625,0.0325717425512695
"93",0.128689952312786,-0.0381187692634971,0.03272541249087
"94",0.0976317748534235,-0.08696683925616,-0.00340727973287742
"95",0.116212458304004,-0.085842896181456,0.00114001474559174
"96",0.104351242398788,-0.10963352150655,0.0408635491207566
"97",0.0977639795798845,-0.0572177301068386,0.020576639319706
"98",0.142643649038045,-0.038779957750221,0.0349072491410985
"99",0.121417841921428,0.004202744445478,-0.00163723286370816
"100",0.0638204350979917,-0.0356161663980518,0.0258850084718558
"101",0.109717571708809,-0.0506470144433746,0.0187036409062103
"102",0.122699180223613,-0.0470584904191612,0.0344710998051798
"103",0.103664966620285,-0.0335069927969342,0.0341722274470939
"104",0.066063305130895,-0.0572643455008691,0.0211268565150095
"105",0.0789988152389632,-0.0655078918499835,0.00472769601940329
"106",0.058532221778714,-0.0203956722465564,0.0482526774849192
"107",0.0950129885238973,-0.0503592301546172,0.0124328608359944
"108",0.0828566541014936,-0.0129512566783242,0.053720968385909
"109",0.114400427090414,-0.14399101802672,0.0246652789403821
"110",0.109815883445947,-0.114611130974025,0.00692707186322197
"111",0.105070723147631,-0.0748043327811462,0.0140278508942741
"112",0.110072633402687,-0.0994110296827424,0.00330887628377148
"113",0.112006441075107,-0.0743794454768764,0.0306478213175143
"114",0.102407464152989,-0.0749358740898866,0.00408769890089106
"115",0.0825848675879783,-0.0184625439083548,-0.00909280150250791
"116",0.0757219810411951,-0.024492327063411,0.0554270894627997
"117",0.0639574118010166,-0.0499872655639323,0.0274663383861764
"118",0.0703780448155724,-0.0370253605905664,-0.00249948080895718
"119",0.097932047542888,-0.0714784628144911,0.041202555189725
"120",0.11840218437622,-0.115633551917819,0.00111486223069318
"121",0.0781878369435902,-0.0824350909260229,0.0178728098157426
"122",0.105688653247414,-0.0482735226113364,0.0177817073502282
"123",0.0392171455894443,-0.0357328520011253,0.0735904873917295
"124",0.113153125390515,-0.00186001880679651,0.0419632029126153
"125",0.111924214609229,-0.0404441714368594,0.014695437794301
"126",0.0631928901391009,-0.0562765001519821,0.0378560376805916
"127",0.0588222935209246,-0.0546061466249889,0.0112671406966552
"128",0.0390798776794346,-0.0361789389595458,0.0379843301625047
"129",0.116440442571929,-0.0394936211952963,0.0220432888556278
"130",0.0709472460099843,-0.0490276588589459,-0.0158528534452546
"131",0.0932892748306295,-0.0550888226227685,0.0230531229958227
"132",0.0895233047228539,-0.0594007155767819,0.0438023260790943
"133",0.113923501483404,-0.0914638498372028,0.011000785635019
"134",0.109232855169912,-0.0685783001799065,0.038782442090789
"135",0.112447541850411,-0.0443602000523889,0.0253009192878882
"136",0.123532001250532,-0.0445520204810829,0.024873230952501
"137",0.0923924104791494,-0.0544575417681781,0.0119158893018329
"138",0.122539618423268,-0.0559654394487383,0.0330412173124953
"139",0.132826535585541,-0.0741874552792898,0.0103568113929602
"140",0.144465637753865,-0.0375489803292709,0.0287428626366888
"141",0.125779809859677,-0.011158342101027,0.0390555277477731
"142",0.127005569018693,-0.0294448382919608,0.0291951268327584
"143",0.0868412122269635,-0.0373781249500988,0.0456709918764827
"144",0.108563198315825,0.000613049081353708,0.0407910708269986
"145",0.0974045166486757,-0.0295919477580411,-0.00448942554495367
"146",0.106366488134666,-0.0623881702424406,-0.0126256958193578
"147",0.0797783425872052,-0.119967740426039,0.0808461071156136
"148",0.151533618811135,-0.0935804972915466,0.00569068497224494
"149",0.11219377111025,-0.0408964033837135,-0.00139481996631492
"150",0.0892146485347767,-0.0412924156094995,0.0561368355114441
"151",0.0876533582639091,0.0420373630912818,0.144307153113119
"152",0.0939293482622387,-0.0386863455670923,0.00916271437738217
"153",0.0814385215973587,-0.0357458679410329,0.00734043947048521
"154",0.0964428787104165,-0.0375609430348965,0.0261706171823369
"155",0.116979754851577,-0.0343402567111074,0.0418698711030409
"156",0.133953685049105,-0.0831800628440356,-0.0532680387455282
"157",0.128332886270583,-0.105697403881175,-0.0102255230176236
"158",0.113934653998853,-0.0111634472932186,0.00520498716862847
"159",0.100980905636046,-0.033549178333601,0.0135811048782421
"160",0.0649409480668451,-0.0166864386009174,0.00339832379486935
"161",0.113048522792906,-0.0534204524171479,0.0158419397834211
"162",0.14449732843283,-0.0215970051353533,0.0333211878768026
"163",0.0781036971922869,0.0212858839391859,0.00395342001088206
"164",0.1080188583556,-0.0382644839295545,0.0328312552492174
"165",0.107709852113085,0.00795203621846384,0.0270161545830942
"166",0.0786127285678232,-0.0439428246704967,-0.0353938852950876
"167",0.0875472144384199,0.0336580257232167,0.00558461803576362
"168",0.12386489388819,-0.022573750338899,0.0234244099833891
"169",0.122509423497598,0.00928013640032572,0.0615781525300451
"170",0.0159141242740385,0.0564350233816151,-0.0631456876188553
"171",0.145361226804418,-0.0455398759827614,0.0352906324090524
"172",0.0934085309742842,-0.0687247721008398,-0.0163861576448539
"173",0.131313891804603,-0.045038818461831,-0.000579527518148472
"174",0.124811728948941,-0.0967912958697519,0.139190330509701
"175",0.165153962268588,-0.0175695531936741,0.00669572297200985
"176",0.0600372959477617,-0.00977899265968616,0.0410208223621874
"177",0.0994869451699787,-0.0346031697493555,0.0312616916172036
"178",0.0950296893147291,0.00807197559644385,0.0481000922077683
"179",0.12044279378909,-0.0629841407294859,0.0127923661465027
"180",0.0854950030831622,-0.113658644119828,-0.00573804538114114
"181",0.0958653109646117,-0.0323685618762097,0.0419765499479175
"182",0.131027793869951,-0.0343477715394559,0.0218186530236193
"183",0.0756689898368181,-0.0408128220493792,0.00328133647686346
"184",0.0880512849432856,-0.0309436951263381,0.00971236563841481
"185",0.130773971545257,-0.0608966276310456,0.000456549622349595
"186",0.0765784473479233,-0.0511993990500189,0.0153412293654106
"187",0.125120410936948,-0.00744614727118389,-0.00973969822998713
"188",0.158007950453358,-0.0631554779446083,0.00935176452220908
"189",0.13069900517984,-0.0504665987846266,0.0228188320865251
"190",0.133445476808326,-0.0531963116094029,0.0208503862085551
"191",0.0942425390591734,-0.008709127946898,0.0130712817962754
"192",0.0978441908001059,-0.0638583574525347,0.00740850573149836
"193",0.0796774638230797,-0.0666373028114974,-0.00113526076568255
"194",0.105465686705111,-0.0269083378917156,0.0427748708540624
"195",0.0855974884366621,-0.0374154173665554,0.0328347684263844
"196",0.101536848811405,-0.0425953829085262,0.0236790750440374
"197",0.106828699516748,-0.0602120950987017,0.0304445246342407
"198",0.131899251029532,-0.00786813358876784,0.0113290833366919
"199",0.126126149185364,-0.00232473923933061,0.113605717733829
"200",0.148959838095516,-0.0171293783974071,0.0153539416569109
"201",0.141008075141424,-0.0441007668786905,-0.0175545036974746
"202",0.102685708896851,-0.0878455315891854,-0.0258799274398262
"203",0.149263925057713,-0.041150690940325,0.0115600713105513
"204",0.105752830845016,-0.0251364854378586,0.00653348702871568
"205",0.0778934297175617,-0.0483861864957497,-0.00153002660138352
"206",0.109091336873967,-0.0427443100591914,0.0177896867255258
"207",0.1560879448246,-0.0388203378487052,0.0562993990643451
"208",0.05037288396331,-0.0460341552669769,0.0171774358389941
"209",0.107901967184344,-0.0256103784849095,0.0220677309819429
"210",0.102483799595009,0.00674747912057388,0.0280272255566733
"211",0.10956111728613,-0.0101082687016836,0.0424098881615611
"212",0.128911531606083,-0.0202333711404887,0.0250695757159571
"213",0.104873676317744,-0.039967467468165,0.0220341365277245
"214",0.129866160709266,-0.0328185480547812,0.0434097923369118
"215",0.157944532173185,-0.0572764008049424,-0.0129558959593909
"216",0.0944541757443754,-0.0456652515132821,0.0299168987596276
"217",0.133253142832115,-0.0667535275652255,0.0327519743014553
"218",0.155563579357731,-0.000799971893512258,0.0178040997726371
"219",0.0918833546150488,-0.0162770677964538,0.0377555117041063
"220",0.0881426046326596,-0.0582920829405475,0.0200560991960513
"221",0.115564473932404,-0.0514708183186798,-0.0115591297012096
"222",0.16890046044228,-0.00412167920052038,0.0397881333898091
"223",0.132996237332684,-0.0352729078925436,0.0259977512457402
"224",0.13568922996515,-0.0352551193512428,0.00294626549795864
"225",0.120023894580127,-0.0265943027961645,-0.0120171485195217
"226",0.132021155696601,-0.0425316409337802,0.000796858774400407
"227",0.121744011379232,-0.0844349313426443,0.0146010532844618
"228",0.120700930630181,-0.0496049514727587,0.0080995193449866
"229",0.0779502191664477,-0.0460294097478556,0.0196752909590902
"230",0.12404998725984,-0.0461593802919456,0.0380021973480209
"231",0.126736194492297,-0.0455451841939427,0.0313009756337473
"232",0.107958269400359,0.0133230141051787,0.0285731644272752
"233",0.133209191983324,-0.0214267120472653,0.012972399257866
"234",0.130238776784163,-0.0473155906322505,0.0184650815606047
"235",0.13497369657896,-0.00771669652706597,-0.000775029983474862
"236",0.100109643292756,-0.00364619136993668,0.0685762943117519
"237",0.130542055435153,-0.0416542659170129,0.120136614724922
"238",0.103452967415282,-0.0636288315787394,0.0349941441723632
"239",0.135229881661722,0.019469197784067,0.0394953165749653
"240",0.106586512005531,-0.0834265057883472,0.0143504581180681
"241",0.106454590147347,-0.0179702701542897,0.015315165415085
"242",0.113569895763635,-0.0415300782077688,0.0194457004692982
"243",0.109095347132702,-0.0615366974479553,0.00358924919759996
"244",0.105189001405371,-0.0606518328549874,0.0329234817560256
"245",0.0990873473756978,-0.0385549219243449,0.0224512064368246
"246",0.131235980180587,-0.00858478871920602,0.0221167201785397
"247",0.128004418508188,0.00295301049554937,-0.0041283762184243
"248",0.129504920081765,-0.0574694744620741,0.0290985264149946
"249",0.106330879214411,-0.0190583529780646,0.00286732757577174
"250",0.112414831121916,-0.014865570565564,0.0891139180004397
"251",0.142925980439123,-0.112151937501222,-0.0129707435529361
"252",0.143594258526184,-0.0234161918070005,-0.0354549605227123
"253",0.109923552994054,-0.0749003542647666,-0.00953568881662737
"254",0.0881285086661824,-0.0974276557265387,-0.0477912950868177
"255",0.117173992803571,-0.0974791475643747,-0.0040282499512412
"256",0.121905263660791,-0.0751726749573025,0.0228125782084495
"257",0.156058524580695,-0.0823724353576097,-0.0110865733592749
"258",0.162231509558227,-0.113027071879201,-0.0173453219096176
"259",0.104869825823661,0.00916869073243205,0.0303784572655724
"260",0.132620912628936,-0.0443221733205509,-0.0116117796873448
"261",0.0940100342440414,0.00277059114224946,0.0161082843916458
"262",0.123217729208927,-0.137363718457271,-0.0186478176572229
"263",0.104036070008144,-0.0686175370633086,-0.0114449194328407
"264",0.142327751622915,-0.0102921064493844,-0.00749122242525277
"265",0.111463897630066,-0.0211211750040841,0.0168640931713714
"266",0.118482023495004,0.0203452785763807,0.0392761336255925
"267",0.124951008262582,-0.00917078343165422,0.0367038950982137
"268",0.138896896662347,-0.0516258250645851,0.0155157969076964
"269",0.121842661698235,-0.0566920150846015,0.0274023566495462
"270",0.0863546844414043,-0.0783420617138873,0.00408622877253047
"271",0.0951200485552317,0.00521973420944101,0.0593675556224842
"272",0.133417475378711,-0.0262237362989173,0.0210703821941075
"273",0.113945480723144,0.0651411797330689,0.0222175318109423
"274",0.108433416091847,-0.0141601310383677,0.0391221282552389
"275",0.122745705577461,-0.0612052839251452,0.0103029179871475
"276",0.14658894412016,-0.0683152240214667,0.0115489073280044
"277",0.0814773494728905,0.00590748274020238,-0.0149824011358269
"278",0.111771684535694,-0.0181016836034718,-0.016675769818008
"279",0.127504434598671,-0.036787557425081,0.0142135252897929
"280",0.113279797976226,-0.047496959826598,0.0180862396184738
"281",0.157086561561039,-0.0421006476889411,0.0653534311127604
"282",0.105912312416091,-0.0358986727806179,0.0523954626016788
"283",0.12028894705935,-0.0236619599562318,-0.00400029542515714
"284",0.106580563345952,0.000365114973543234,0.0157089884512159
"285",0.0942995876387367,-0.0555138666517241,0.0610778466883051
"286",0.132088841630045,-0.0578745670700488,-0.00831932973054193
"287",0.132617173647759,-0.075391173079274,0.0164439178987493
"288",0.119126893469388,-0.0196239935469834,0.00304398206608139
"289",0.122762478036233,-0.0555401321165388,0.0133407328235253
"290",0.148523389811572,-0.040494410753384,0.0376581251594495
"291",0.0984361418867683,-0.0421510116015907,0.0500148946642413
"292",0.114872906954836,-0.0191108553691157,0.0398525700897419
"293",0.0708547534438665,-0.00967903549273251,0.00636047211380176
"294",0.107325039348091,0.00589717354014719,0.0214069536479925
"295",0.133073260838071,0.00425295358255513,0.0194363717669788
"296",0.114892110799824,-0.0548130523560071,0.022877091504375
"297",0.121996400857658,-0.0557811644163635,0.00202348730594806
"298",0.119197344214238,-0.059645566864326,-0.0158636876070199
"299",0.103934158833328,-0.0261980474980266,0.00484607175302349
"300",0.129036029370678,-0.0515186392149407,-0.0101380426949647
"301",0.0986643039884796,0.0374560197545138,0.0298847849105854
"302",0.121306871209647,-0.0312312625622796,0.0850375055882638
"303",0.115491690450576,-0.0467240864052527,0.036460511784617
"304",0.115548123349192,-0.0581504494136614,0.0400550578651025
"305",0.126889066745102,-0.0424905320428507,-0.00744207113043434
"306",0.130136549033522,-0.0586111579816658,0.0303691413396909
"307",0.120589437547109,-0.0575605170496224,0.00529779845940677
"308",0.063386579216528,-0.0473391232111114,0.000831103797739957
"309",0.115955707628653,-0.0530279743442415,0.043509279158117
"310",0.0831725960930666,0.0133263080503673,0.00253655386204861
"311",0.0892618628185938,-0.0441247407295742,0.00793239818600353
"312",0.129272329242675,-0.0468509820190725,0.00401943240661283
"313",0.130946091875683,-0.0764723867155779,0.00764821266218041
"314",0.107376485694685,-0.0116726681858353,0.0244657481494839
"315",0.0993543983781854,-0.040345333982065,0.00904905878392494
"316",0.106530495744024,-0.0113559469870668,0.0276859019301968
"317",0.0265763202373535,0.0951516528136307,0.0320165945335845
"318",0.0989020368386114,-0.0401451956515123,0.0274585133448588
"319",0.0842535678060454,-0.01163939884605,0.0202789304309453
"320",0.099710889848461,0.0203324876533688,0.055793606155558
"321",0.0940113007172096,0.0376278910270955,0.0391355303192722
"322",0.0685115014910107,0.017770013613311,0.0451318422993249
"323",0.105871412990202,-0.0265008506206158,0.0048788539973375
"324",0.127167590569566,-0.0835150145574371,0.00684331188141304
"325",0.116880067079143,-0.0417173791148249,0.0272407942163489
"326",0.127348234630254,0.0257672919089389,0.0183983791606714
"327",0.072589835631106,-0.0330297356318617,0.0440451314137322
"328",0.110049310448635,-0.0504825622942154,0.0299701813888516
"329",0.130419696430424,-0.0529070744934059,0.0213966819401387
"330",0.129772319782314,-0.0130353584046083,0.0222672788776454
"331",0.10263621918701,-0.0458160093791824,0.00352156310482833
"332",0.163119200157319,-0.0235010194723638,0.039468767200535
"333",0.0968398116130339,-0.00990213456979839,0.0348152254996001
"334",0.115715270504941,-0.0305524594318536,-0.00149384976548859
"335",0.112692807715963,-0.0399021915299385,0.0217231178821944
"336",0.127192979371402,-0.0467940052247825,0.00230855217734717
"337",0.0989702989842743,-0.0121774006472565,-0.0100631647713339
"338",0.119415288122205,-0.0441528261302172,0.027776924235127
"339",0.106594722377061,-0.0456583717899519,0.0142934933099663
"340",0.120192901313215,-0.0605987606811148,0.0288343677658376
"341",0.110833657610958,-0.0414463903540762,-0.000100642848831493
"342",0.0879718305060482,-0.0606364795222649,0.01204279064083
"343",0.114265545961309,-0.0412055468399782,0.0386166768785979
"344",0.129894736718179,-0.0389268381407993,0.0259563728316164
"345",0.0988744763357589,-0.0417196413371255,0.0247602655944141
"346",0.112245237667309,-0.0393630150467063,0.00342304132333746
"347",0.0928028092096044,-0.0278493452471543,-0.00354494052530677
"348",0.125364111104347,-0.0445929029320185,-0.00266010157128724
"349",0.128706312855509,-0.0650451281114715,0.0283194568005535
"350",0.121319087140673,-0.061046878421855,0.0140491835113885
"351",0.136545554329813,-0.0598366769304175,0.0117521191697662
"352",0.076389351844725,0.0264127729403763,0.0427597906627046
"353",0.139076138812206,-0.014448465019285,0.0600050126690594
"354",0.0844580269210352,-0.0339711911720043,0.0032447142092574
"355",0.0701955962603761,0.0144733160745125,0.0581245795307268
"356",0.109463386998602,-0.0438516389315046,0.00461302391852852
"357",0.115786976538002,-0.0350482986231378,0.0620750405975741
"358",0.0859893637852174,2.18985259051632e-05,0.0430442003686713
"359",0.0699072836713699,-0.0312483996705445,0.076847754301677
"360",0.111304615617926,-0.0418650596164551,0.0054902679379301
"361",0.108711237328154,-0.030510590190662,-0.00289329529805938
"362",0.0947044543701058,-0.0520501096753751,-0.00190588698964579
"363",0.106927094970418,-0.0411770187318855,0.0131493643885435
"364",0.117077598597834,-0.0491214894539481,0.0210007474019694
"365",0.0972518292130971,-0.0396731095073304,0.0528133961387545
"366",0.102601473707502,-0.0245594142996594,0.0297358085627943
"367",0.114020094611888,-0.0604290140473364,-0.0130754671219
"368",0.120693107674943,-0.0302260569740364,-0.0244647826231881
"369",0.101536092586735,-0.0442436665562276,0.00157441153286898
"370",0.122776136097747,-0.0470703371079075,-0.0124468837972485
"371",0.076775266806431,-0.0717080062558746,-0.0128195492248145
"372",0.122739851702479,-0.0851056069542078,0.00156842022129934
"373",0.143042074394465,-0.0759686689661978,0.0195331297816073
"374",0.161951776777774,-0.0711992507888635,0.00913657791603168
"375",0.112958195241132,-0.0343814957667316,0.029210465437641
"376",0.107414821190546,-0.0218507646746324,0.00631743396632262
"377",0.0680446651177909,0.0419186344455388,0.00723934660782722
"378",0.0879139317429946,-0.0323397845712575,0.0362818475432664
"379",0.0705664506558502,0.00306869259969209,0.0211682344111366
"380",0.0933015072195773,0.00566776623964531,0.0188161128276206
"381",0.116527966895188,-0.0391938264697785,0.0342042528213303
"382",0.14144520242847,0.00781136754856942,0.0647653247141908
"383",0.062739511473636,-0.0108724707117796,0.00487285863940355
"384",0.0880169228160565,-0.0450639694572472,0.0189551000940095
"385",0.111620587422229,-0.0141272841981207,0.0404025731153902
"386",0.166028382665547,0.00982967294815241,0.0466410697662417
"387",0.0888536163144809,-0.0484498387118876,0.013945432050989
"388",0.0950234964388601,-0.0309648741904207,0.0277782314851693
"389",0.0882476769953088,-0.0160965414946756,0.0217826734916337
"390",0.120288085360572,-0.0714240483553166,0.0394003907937557
"391",0.122363542812737,-0.0366303817093687,0.0217496667913996
"392",0.123026644578951,-0.0580428286429518,0.0366802044929121
"393",0.132160828863601,-0.0683611026661682,0.0135117337490377
"394",0.10082319812438,-0.0269242691777869,0.0264205212257004
"395",0.129423304218655,-0.00681624081396161,0.00989036294059987
"396",0.108561086591419,-0.0385899782792216,0.00520145444053182
"397",0.0833492345514205,-0.0570652606865383,0.0164895152778873
"398",0.0821557473341708,-0.0294503396161988,-0.00991195986775694
"399",0.124139969898131,-0.033197535998052,0.0219089476301406
"400",0.113251275268123,-0.0389206456539397,0.0231472493786666
"401",0.139834035930581,-0.0352537538483204,0.024188849235746
"402",0.126053935382812,-0.0348926422896461,0.000104022541215534
"403",0.104455115129947,-0.0394201239076404,0.018945069772746
"404",0.113400004624711,-0.0250283681455223,0.00753252114913473
"405",0.133412813451793,-0.0562316037110898,0.0186972534764633
"406",0.13210590583996,-0.0275528463798277,0.000426360153144182
"407",0.147371980263846,-0.0263499609637061,0.0522185274127655
"408",0.12420393482367,-0.0691945401926688,0.0582073351023265
"409",0.137857853421258,-0.0187263206200177,0.0391317570684932
"410",0.128321566273349,-0.063345533433565,0.028333671842026
"411",0.126697001021615,-0.03206668760426,0.0174801746496237
"412",0.120210588450835,-0.0436377156994768,0.0168702285064092
"413",0.0865914111643032,-0.0677337742517853,0.00341108427739365
"414",0.0946513938435533,-0.0202269219207912,-0.00733586025699498
"415",0.1090449831551,-0.0256796072375837,0.0221784636422452
"416",0.0964770972378386,-0.0362704274016834,0.0175929219496713
"417",0.112721749738935,-0.071976921864892,0.0170298490889963
"418",0.0820970477497343,-0.0130969435426318,0.00316804851276574
"419",0.108514625391428,-0.0251436315940215,0.0556789766120616
"420",0.0936043746186303,0.00578004158728924,0.0123057935375213
"421",0.0988024593419548,-0.0189739549376778,0.00379934793812175
"422",0.136205529980447,-0.0687991719344654,0.0308396417806125
"423",0.0961789794828788,-0.0618278977514732,-0.000947604823849762
"424",0.0482254520879226,-0.0352303733412759,-0.00492209287484491
"425",0.0978249463958353,-0.0434868806193538,0.00148922804868585
"426",0.131878348539267,-0.0404508119812589,0.0313781585038639
"427",0.0836726046423268,-0.0390635549193356,0.0448087414169223
"428",0.113588850228141,-0.0135595164328188,0.0237992483979097
"429",0.0983745296698997,0.0254090621279525,0.0373590950350186
"430",0.0821233445038266,-0.0554892239778844,0.0274671998799546
"431",0.0773519883518897,-0.032560557404713,0.0402916027075621
"432",0.0834042603497406,0.0248125519176454,0.0112472156219231
"433",0.111540068399956,-0.0605516964545449,0.00302109130707963
"434",0.122578175976836,-0.150030286311239,-0.0199637424370708
"435",0.0829686267518199,-0.128766144090579,-0.0180065740484494
"436",0.131949834053337,-0.00264615569863064,0.00785826311800893
"437",0.0924248570957845,-0.022944786393697,0.00749561009032032
"438",0.126820208344669,-0.0579716302473933,0.00397064614735773
"439",0.102946835877314,-0.0386480199146178,0.0464018509603416
"440",0.0866119678524068,0.00588622562239752,0.0180050398708415
"441",0.12789009347534,-0.0341482010700202,0.0202105312209805
"442",0.124345861436682,-0.0161321172203757,0.0237895549087606
"443",0.0998988796370093,-0.0270538173314111,0.0230562567871124
"444",0.115895897694873,-0.0488156560398966,0.0425582768143277
"445",0.110410998199048,-0.0102512398344372,0.0333830452781932
"446",0.100649114706017,0.0438642777635746,0.0779528622701929
"447",0.0738029940425632,0.0437778340758966,0.0505017611041653
"448",0.0597173330728142,0.013685535843084,0.00777294094292704
"449",0.119435932427153,-0.00634326540702177,0.0439799978907126
"450",0.087695848818964,-0.0383464298419914,0.0347283244156907
"451",0.104528210437716,-0.0162793421627181,0.00817159697220243
"452",0.131358358107983,-0.087021853391634,0.0350030222343216
"453",0.0935619564489885,-0.0497909897579562,0.0208320767411101
"454",0.098204983510597,-0.0488162334678042,0.0118948931486849
"455",0.131882521167183,0.078480845286783,0.0152131653410606
"456",0.123094145390931,0.0101134513140625,0.0380522726635752
"457",0.102681614909724,-0.0219144156355287,0.0094100656789286
"458",0.109498875135368,-0.0241898683994127,0.0264715599141514
"459",0.0792078294686856,-0.0311204771960537,0.0166337898060572
"460",0.106486900119715,-0.0321351006759765,0.0110282534984713
"461",0.123176533307513,-0.055350292718783,0.0200735413889924
"462",0.122377739547708,0.0242370913905701,0.0708478007224733
"463",0.108084770365552,-0.0330775335262241,0.0247798909575542
"464",0.110288964477741,-0.033720302995779,0.0338478791949398
"465",0.0879490737157496,-0.0412884777341114,0.00594390079287478
"466",0.121899326952323,-0.0486223895939739,0.0198310819104305
"467",0.0817950571831531,-0.0562969612192474,0.0165779706769784
"468",0.1060256983221,-0.0456875263275878,-0.0072132082880889
"469",0.120471374306637,-0.0566314838421231,0.0254447759756651
"470",0.0835881830286856,0.0167957031921612,0.0259081193647032
"471",0.098080954092008,-0.0355540751553003,0.0213753912978158
"472",0.0883223015568568,0.0405637675765194,0.0709085647052248
"473",0.0881096391908455,-0.00259185057518023,0.0355776128653138
"474",0.1284657006833,-0.0437134628951413,0.075330390050205
"475",0.0777289935897191,0.00978366868385811,0.00540510534014111
"476",0.114105324562814,-0.032107482701128,-0.0241630418936101
"477",0.125878704776112,-0.0418514581997189,0.0593011373768247
"478",0.123513418317069,-0.0590732129998945,-0.0117223542944083
"479",0.0953379569511928,-0.00193322528413426,0.0529091601356576
"480",0.0887170303926183,-0.0833179676017169,0.0031179687090927
"481",0.131271398102814,-0.0505145063658317,-0.0159414443167411
"482",0.0423296894389186,-0.144841565639736,-0.00631616099241613
"483",0.0940580474828992,-0.118403276274101,0.0201419954661106
"484",0.126433228230598,-0.063232493497601,0.00779334979609882
"485",0.0912550900000512,-0.0780353034312401,0.0447529961067746
"486",0.136003658719467,-0.132618104572653,0.0256755241583915
"487",0.120498146283336,-0.0856835944703422,0.0382955855405958
"488",0.0764532085728518,-0.0810467635874831,0.0379047042484547
"489",0.0892654027083917,-0.0588139858210236,0.0422653880616001
"490",0.126433772861763,-0.0276958816793154,0.0170231614305841
"491",0.100988892223181,-0.0442687018517482,0.0059157024843135
"492",0.0830284834525809,0.00717564425707064,0.0461429182142636
"493",0.125736184180248,-0.0227150962217427,0.00634747427055865
"494",0.0995532583224983,-0.0188989736545848,0.0290135973858252
"495",0.107683643937719,-0.0545844109000561,0.0628980851937926
"496",0.123930015230266,-0.0592294045381489,0.0111552205444875
"497",0.0751666677818403,0.00839172266601655,0.0269424122648217
"498",0.0712220741916131,0.0376054657846025,0.0261642969018092
"499",0.127432966071354,-0.0573943397135872,0.0311928929538548
"500",0.12218901578613,-0.0766234593239666,-0.00294353981623889
"501",0.0628450483351215,0.00784679960142566,0.00892383351099081
"502",0.0865289623159807,-0.0676660059669737,0.0116165188396047
"503",0.0972299494545342,-0.0534219243167468,0.00773368046256572
"504",0.100333112276353,-0.079534479493235,-0.0116669480211699
"505",0.115467156457573,-0.0755780233627292,0.00245016890613336
"506",0.132307586952866,-0.0716351121614653,0.0533905174176879
"507",0.0946852486950875,-0.0844819785046275,-0.00490562153565239
"508",0.0860978184469473,-0.0794549974527959,-0.00434210902645008
"509",0.102631263605643,-0.0588273363459867,-0.013951579115934
"510",0.0788078843784035,0.00276065233513684,0.0380275913279949
"511",0.0810416791128774,-0.0220530702051762,0.00468100063054819
"512",0.152585412125535,-0.0502125191166432,0.0608705354059339
"513",0.135493791951141,-0.0572748387345102,0.0212547940098479
"514",0.106444174218029,-0.0343489297227858,0.0170308096112221
"515",0.123929519676007,-0.0397185102386422,0.00564072564428511
"516",0.0463797278654282,-0.0741403621395628,-0.0226414284953186
"517",0.0867422119124964,-0.0874550286518954,-0.00764974262321505
"518",0.10780371728756,-0.0437768360058509,0.033009345911127
"519",0.0712509762641667,-0.0461659207306464,0.0194142319254482
"520",0.0980092570726937,-0.0106747530141059,0.0336921455473325
"521",0.109762860757548,-0.0523790167782693,0.00960657516653435
"522",0.0823965095776859,-0.0274253764544104,0.0386555512025576
"523",0.130810037719439,-0.0964257879099621,-0.0300660597094632
"524",0.0731268398478956,-0.0502377815355258,-0.0139745973760005
"525",0.188625084691587,-0.0404362410324901,0.013773658445405
"526",0.130467198615087,-0.0673630016158323,-0.0235773541804581
"527",0.109211779916045,-0.0600815758479707,-0.0227238969758691
"528",0.131352424685674,-0.0877113881186338,-0.00590169654378177
"529",0.0995181983658066,-0.0574351982566871,-0.0553846683611913
"530",0.0292147613778419,0.057139987722301,0.0547747473255268
"531",0.150129020233999,-0.020652187424631,0.0338639040090214
"532",0.107466330441183,-0.0719256719311005,-0.0327714718507983
"533",0.118308223452907,-0.0604301302955672,0.0420857112629505
"534",0.171321406302534,-0.0348751287287102,0.00629235168876207
"535",0.13437327004896,-0.103082324245862,0.0293810874248856
"536",0.156415558604546,-0.141736956805363,0.0481944859376838
"537",0.139460745962996,-0.0118283454169983,0.0443372140951717
"538",0.143379365555108,-0.0581358265683219,0.0530648692045635
"539",0.119860193762048,-0.0544053554116922,0.000594570637724804
"540",0.139562566347079,-0.103840180255708,0.0149575746720765
"541",0.0907505256980602,-0.0803765102786708,-0.0115370656563047
"542",0.130833626806372,-0.0741697318658503,-0.0135124280956332
"543",0.132944257582138,-0.10680882418397,0.00510648281416115
"544",0.112805959883747,-0.0892794317732294,0.0255455110351203
"545",0.0490966487826292,0.0118660145380242,0.238287654941293
"546",0.0503073143762897,-0.0380107549544522,0.012245572455077
"547",0.0833124301391604,-0.0216967889756618,0.00411278213890785
"548",0.136061223839331,-0.0637315526966085,0.0251607192034918
"549",0.11195128235138,-0.0593813636415741,0.0078707408943813
"550",0.124923023799206,-0.0655503141897014,0.0168800197736914
"551",0.093480828940121,-0.0430164108256521,0.0713127299239278
"552",0.111510326251467,-0.0464036672341242,0.00197689117035875
"553",0.0959638757334163,-0.0178943102199561,0.0513935709488388
"554",0.0071906971554544,0.000330292784318691,0.0192892233207722
"555",0.0544684084894442,-0.0354207224814716,0.0496834751480764
"556",0.0986975106870703,0.00423769715266358,0.0271308560835041
"557",0.116921275970874,-0.0107300923869771,0.0286220583326703
"558",0.120344099277302,0.000643665526115575,0.0267841083684706
"559",0.101140754487138,-0.0321598149352024,0.0239857013014444
"560",0.0860953961475296,-0.0240040911771435,0.0320369819296096
"561",0.0408472205156796,-0.0714764869153477,0.0402685631637568
"562",0.0950452239999321,-0.0663229991532458,0.0144592036406768
"563",0.119265321308451,0.00217430982477355,0.0354497130627871
"564",0.130829412068626,-0.0664647395697855,0.0409327919859882
"565",0.0991964882835856,-0.0716785199904694,0.0228184773470082
"566",0.124821199083815,0.047997227097674,0.00584469405022956
"567",0.136753440890272,-0.0505137687376229,0.012993056614683
"568",0.10568249877761,-0.0375058715014807,0.020778639452851
"569",0.102706908815901,-0.0666080936418131,0.0147377111863084
"570",0.111929497082661,0.0311209716712744,0.050970330041731
"571",0.101305203210691,-0.0363975102362899,0.056161328933327
"572",0.103888770656552,0.0130509858693845,0.0498238958468261
"573",0.0653862431578732,-0.0388222740502151,0.0520693156614105
"574",0.112377815924815,0.013567161174032,0.105392924626817
"575",0.0884685999195772,-0.0339089192038771,0.0275627912289104
"576",0.0930676569121206,0.0199518462107188,0.0665551977810883
"577",0.10265076080784,-0.0885250307083314,0.00139159555708142
"578",0.137399867694156,-0.0922067722698974,0.0122874540411188
"579",0.152898392778453,-0.063048818649006,0.0224660558905237
"580",0.108389719895112,-0.0153335430733211,0.0565739852302081
"581",0.136339066717351,-0.123803256887451,-0.0135018862195325
"582",0.0956205501784825,-0.0152098333801404,0.0521855906504981
"583",0.12248881859324,-0.123811460617121,0.00839813873485576
"584",0.104490047025176,0.000935576082516966,-0.0110463159094079
"585",0.0979357697567798,-0.0372967269028493,0.00376998896936835
"586",0.0898283342128207,-0.0542167001228057,-0.0369959849628632
"587",0.107523610747067,0.00241833627297492,0.0152775709936732
"588",0.112178340359924,-0.0240748384283018,0.0243361636590709
"589",0.112709503897202,-0.0413752256793285,0.0332687252166512
"590",0.123208230197851,-0.0540157767634232,0.0124129811401228
"591",0.0857414839757809,-0.0441566355688534,0.025200681908825
"592",0.118078082910016,-0.0194101326831679,0.0127034782406395
"593",0.118429072506373,-0.0235722526045679,0.0268288937018878
"594",0.123708928539862,-0.0512469031423013,0.0255695020770983
"595",0.0944723382887479,-0.0728509795172132,0.0404554917633215
"596",0.116330349289025,-0.129498603400431,-0.0183512132161938
"597",0.089070307519501,-0.0586376768616572,0.0243936202772965
"598",0.102549511993029,-0.0737589907163667,-0.00317359885944133
"599",0.0924930851458452,-0.0171878596718203,0.0215114090533614
"600",0.135569610227356,-0.0786663569387982,0.0259719066113192
"601",0.0975816964550432,-0.041427832978832,0.00781135955220122
"602",0.103590089207614,-0.0351010923317359,0.0351795350933619
"603",0.121114090978233,0.0242463794946161,0.0409506461266179
"604",0.10748294383647,-0.000665881706475264,0.016733435098506
"605",0.0509274506907579,0.0585351202690872,0.0336092477026614
"606",0.085293344501114,0.00196865636354189,0.022509614821439
"607",0.0815894873923802,-0.00907410101507434,0.0260440263890475
"608",0.103918516801323,-0.042830096181024,0.0415128800796658
"609",0.097818641187107,-0.0602372910357051,0.000321841903809871
"610",0.094037175956283,-0.0951612516569883,0.000634762176305177
"611",0.122913508928533,-0.0536171375989133,-0.0247364848303667
"612",0.105653211906094,-0.0144651221791815,0.0123924145083775
"613",0.108584013551586,0.0286065301549993,0.0248672229109364
"614",0.105190293959331,-0.0441395711738941,0.0423663498374536
"615",0.059228285791552,-0.0119343061144824,0.00292502340179567
"616",0.0846322023286148,-0.0105591889056574,0.0727943954381915
"617",0.0627918658384572,-0.0479651802569956,-0.0135177392205143
"618",0.115865493220834,-0.0416668533724123,0.0199044075292373
"619",0.0651004781648929,0.0218367858170004,0.0340638130223021
"620",0.0455044025356781,0.000999929076311359,-0.00120072698562432
"621",0.116418597275835,0.0290086375962038,0.0508722023694581
"622",0.0788693895562011,-0.023697709045193,0.00381120690069041
"623",0.104387000071878,-0.0472062793186922,0.016902947564125
"624",0.064978695190845,-0.0742974588492739,-0.0254615424051959
"625",0.0848301811701776,-0.0908613593030049,-0.0205664096999246
"626",0.0961309917108472,-0.0366318751723664,0.0238019040614937
"627",0.0897351679891038,-0.0183687569261153,0.0270722518302948
"628",0.104644784874693,-0.0827562440604798,0.0179898425042644
"629",0.108781806823763,-0.0496170705311302,0.00453066944757417
"630",0.141912150990002,-0.0392272656054106,0.0301438138421813
"631",0.123316988221158,-0.059557223167229,0.00846233711719889
"632",0.0867340388763266,-0.018990128769603,0.0394289905869047
"633",0.100009372716468,-0.0532732392929564,-0.00208193497779476
"634",0.0823094763344398,-0.0437779219253763,-0.00354046709947731
"635",0.0820425406268092,-0.0756300735524059,-0.024182599140345
"636",0.0643698504642989,-0.0302807798495228,0.0168419126245875
"637",0.0841384441474046,-0.0624909998553269,0.0233199128461362
"638",0.081166401858614,0.0041392923408846,-0.00144693606075347
"639",0.135046736179286,-0.0790284115076819,0.0215595342966825
"640",0.0559645674147733,-0.0554619016904842,0.0141979466071221
"641",0.0850341429483268,-0.0550026456463126,-0.0202366123602638
"642",0.10596300548658,-0.0391179240362978,0.00574826635151327
"643",0.104996636684054,-0.0333965063521287,0.0349861001050218
"644",0.126857378086671,-0.0521518277777843,-0.0119361871902748
"645",0.123146655743999,-0.0640611289508292,0.0125888902095277
"646",0.114405022114613,-0.0350763046745989,0.0162150795380862
"647",0.0985991607481575,-0.00742902460977404,0.00187789657661521
"648",0.0996083114409662,-0.0562226719079336,0.0329449589216244
"649",0.0456980575253567,-0.0363614145210644,-0.012466521858677
"650",0.111556102473032,-0.0309282322328027,0.0242141189134986
"651",0.0648780267782567,-0.00539504060214846,-0.00160279561033544
"652",0.132721546649759,-0.0459535096982822,0.00205515938248898
"653",0.125910955141223,-0.0569246283333808,0.00672400293756256
"654",0.098702294884742,-0.0762505191293483,0.013734697558659
"655",0.100263687592759,-0.0685569851043599,0.0136280408448717
"656",0.112448341103683,-0.0917357530921955,-0.01425365289311
"657",0.119372373902865,-0.0664757845142618,0.0139728075136725
"658",0.106803351078261,-0.0918132715559094,0.03667846624148
"659",0.115200189802123,-0.0654933074832434,0.0130149071203127
"660",0.0915861453015993,0.0625952199304661,0.0320768871483406
"661",0.0929143321493231,-0.0197473540769604,0.0107771695065742
"662",0.114049482764367,0.00277663723953654,0.0099944534729199
"663",0.0777982280894173,-0.0163680268882185,0.0234152802087074
"664",0.0942032804795062,-0.0517027385702765,0.0142507857201764
"665",0.0901094686469461,-0.0236999981677148,0.0311879019012433
"666",0.0934410675161246,-0.00282304796420599,0.0130693532512264
"667",0.0994545578341853,-0.0529272084519667,0.00557324359535108
"668",0.0960437623773809,-0.0222333413655313,-0.014921019077778
"669",0.0893277902548641,-0.0187113485904103,-0.00074400494314349
"670",0.129078119395639,-0.059247620562865,0.0325588469734788
"671",0.110590442387445,-0.0524488106577995,0.0274592041954295
"672",0.105930602325013,-0.0119010843583836,0.0543166015073491
"673",0.0986450068226007,-0.0332492668722168,0.0328082279650369
"674",0.0648369871621707,-0.0430433421562655,0.0135775101432923
"675",0.103952025780436,-0.0200761244687953,0.0378347072700165
"676",0.0679807027506535,-0.0170493892268714,0.0502360388184598
"677",0.112632367879041,-0.0588084739652643,0.0246114412195662
"678",0.0862470159989432,-0.0156413436328122,0.005986763902894
"679",0.0914074139529227,-0.0536942541750486,0.058791223598326
"680",0.0900840142716205,-0.0467486772020175,0.0404793586872549
"681",0.0777184275311645,-0.0161690591682626,0.000202839622653456
"682",0.109973457694443,-0.0741762207142976,0.0253684963882582
"683",0.123243997843003,-0.0305270270082532,0.0103463782133454
"684",0.154523532100182,-0.0752283669173379,0.0174644840353988
"685",0.118482055218153,-0.052144475726526,0.0135814828669003
"686",0.0830575840491263,-0.0487010134509854,0.00345065154283481
"687",0.133916130718367,-0.0623799529266693,0.0403479072703209
"688",0.127999020012284,-0.0518767152066419,0.0282812462028782
"689",0.141660126389667,-0.0785385045588841,-0.0193209963858238
"690",0.122719976016878,-0.0979368592985018,0.00817294607496342
"691",0.111200885911772,-0.0588694812786507,-0.0229811307410505
"692",0.118019986462506,-0.0620579439784065,-0.00100784401778587
"693",0.125628821601781,-0.0860805905274039,-0.0131572336274192
"694",0.11916895396107,-0.0823096712743341,-0.00827541617760173
"695",0.0878613863326386,-0.0711556171799974,-0.00558778545067398
"696",0.119183342233928,-0.08274415187581,0.00558684633547686
"697",0.129999490814816,-0.0370976460044272,-0.000659290579267634
"698",0.106919678615917,-0.0824083807280138,0.0370995346839075
"699",0.104437067643098,-0.0310249126550317,0.037304275318234
"700",0.115969288590744,-0.0409894824188244,0.0242480377069736
"701",0.156189212946205,-0.0694914800712264,0.0170044528085217
"702",0.0774877448946232,0.0198255446758851,0.0417078318622051
"703",0.102557620631108,-0.0302684076879117,-0.00358073252365867
"704",0.0900970610719474,-0.053818443598662,0.00952773619054014
"705",0.0996820784457273,-0.0595275299541579,-0.00388546430257608
"706",0.11126919352635,-0.0371610982004009,0.0319330258018423
"707",0.106814378720226,-0.053767219263623,0.03778528782401
"708",0.105965031279133,-0.0422758803750329,0.0668727462981377
"709",0.0651813314760835,-0.0506912472242931,-0.0385842121390073
"710",0.136114829262647,-0.0536693191736354,0.0157455607065309
"711",0.10173800097608,-0.0348296642591359,0.0180671016720692
"712",0.109105127796958,-0.0538038112275735,0.0320085035364265
"713",0.102284877812715,-0.0837118686300251,0.0133097173906499
"714",0.11278763513628,-0.045771846034603,0.00509259543219102
"715",0.146523411719416,-0.0768616670292348,-0.00266428754308989
"716",0.095432980988826,-0.0514991202151731,0.0338865863593643
"717",0.11773033326801,-0.0914380997509424,0.0029990035099507
"718",0.131410620378134,-0.0738942485403009,0.037963189228063
"719",0.137200532072776,-0.0647673952431078,-0.0074275823394562
"720",0.116506464626844,-0.0783295882618164,0.0127176199853319
"721",0.129388111017775,-0.0841407143805539,0.0614457665663926
"722",0.107362736733194,-0.0351713781594499,0.0169549031296095
"723",0.102547225126471,-0.0557862701105614,0.0118969579599029
"724",0.0943219759394126,0.00586936471405426,0.0302301130495943
"725",0.112023501669793,-0.00945716227334053,0.0536472610496112
"726",0.119713714386344,-0.0571656796384737,-0.0240014377187011
"727",0.141830619975873,-0.0318894613403604,0.0264457723410998
"728",0.0998711973203252,-0.0600583401124272,0.0208261049040272
"729",0.137793016064998,-0.0388295061774036,0.0352847037484824
"730",0.116008499203625,-0.0378592710255518,0.0180820374799344
"731",0.123852206145407,-0.0402002279023519,-0.0073425686342839
"732",0.103687910011144,-0.0609291884214202,-0.00665510267582922
"733",0.0857135631525394,-0.0613397221052967,-0.0335865082449755
"734",0.109229330239262,-0.0794740984137836,-0.000424132232065907
"735",0.114657779777494,-0.0908115908169539,0.013340933180793
"736",0.127449450741471,-0.0750481361949013,0.00673252280293922
"737",0.125402056364823,-0.059575585724573,0.0371732651184866
"738",0.113817862272724,-0.0244429928326201,0.0566366470838013
"739",0.0857560635142375,-0.0649907241161758,0.0133900569588968
"740",0.126189040787749,-0.0594467753121786,0.0725204265820412
"741",0.10501280693786,-0.0719329301592967,0.0118725586322558
"742",0.0903958046303145,-0.0592738234153003,0.0367521309145482
"743",0.104464357944172,-0.0454265630583161,0.0237910817525771
"744",0.0778696744498824,-0.0276218584110641,0.0809591598831582
"745",0.135431176736288,-0.0660042649615627,0.0209625349380416
"746",0.118030404744225,-0.0166022787819394,0.0245017798782049
"747",0.104121636343349,-0.0380267976584851,0.0321809522714588
"748",0.11381017477535,-0.0605531527262629,0.028878107592675
"749",0.100169272939914,-0.0286717290684176,0.01537900026114
"750",0.0915582425271755,-0.014212827473662,0.0419716421106883
"751",0.102499861377161,0.0488249936927779,0.0331222020821546
"752",0.109391278112946,-0.0358608105580244,0.0429699565704919
"753",0.11491771942198,-0.049541987045205,0.0349425026671933
"754",0.0794853390540976,-0.0631735951974104,0.0891180608195773
"755",0.156392780395573,-0.0163612254409248,0.0732746374675655
"756",0.0954539527589814,-0.0145986319184786,0.0112124801899325
"757",0.0771187864996751,-0.0189390113108454,-0.0198547337237335
"758",0.128622002427432,-0.0201079378359169,0.0444571215559176
"759",0.103615895561025,-0.069477246237745,0.017805200017339
"760",0.091059870095481,-0.0469924925180171,0.0819505789971608
"761",0.0949876383273827,-0.0826030798088521,0.0620760247850316
"762",0.141712475562927,-0.0987914108626059,-0.00691250672559255
"763",0.106526674826199,-0.0781778827744959,0.0133762134763122
"764",0.107217547526183,-0.0692569302033162,0.0310994937397322
"765",0.13049369764619,-0.0612034312936271,0.00744216324109549
"766",0.108632661572558,-0.0388200727488986,0.0226934418369225
"767",0.126398481618808,-0.0525898281594865,0.0487537521362776
"768",0.081733019744978,-0.0208791584540549,0.0357417068561576
"769",0.148263711321302,-0.0527253132674471,0.0275332307180145
"770",0.137304619941358,-0.0498539324753748,-0.0142859188697929
"771",0.143898466677356,-0.0370360156050233,0.0108459373122505
"772",0.0976050259678965,-0.0334546597215494,0.0405917807481045
"773",0.125127178865794,-0.0456817025574962,-0.0049023374899655
"774",0.0721440046617823,0.0236383530160777,0.00903654217029623
"775",0.119540441725633,-0.066361233644875,0.0542156842162795
"776",0.0888701701488166,0.0253065495475086,0.0143178378684899
"777",0.0893269333266897,-0.0286924802310794,0.0189169039051396
"778",0.10215734873185,-0.0403248486471854,0.0179244705068954
"779",0.0721440046617823,0.0236383530160777,0.00903654217029623
"780",0.0752485204937672,-0.029801531368357,0.0413863389991345
"781",0.127981065048138,-0.0158715393149599,0.0311266454619565
"782",0.0870255962775767,-0.0589140651182079,0.0294729989915809
"783",0.126850997506124,-0.110450318665383,0.00552405913312141
"784",0.14915996427331,-0.0861725249356785,-0.00800665894236324
"785",0.0628221001400165,-0.0433620753872481,0.0127936921590146
"786",0.101457323968285,-0.0535444256666279,0.0381438071451841
"787",0.102721995513945,-0.0466387286041724,0.0434758665783493
"788",0.0739534715179964,-0.0405159795832533,-0.00336468775780172
"789",0.142544908289553,-0.0581075496843527,0.0728741856202221
"790",0.101434072788471,-0.0219976023858829,0.0505874372995222
"791",0.116954604436443,-0.0469728327170408,0.037590008591176
"792",0.115997039298642,-0.0503188953906746,0.0174710295114277
"793",0.101440792701404,-0.0335732151968483,0.0337989573334328
"794",0.107978856338292,-0.0344329909174097,0.00695132277016748
"795",0.118285164192417,-0.0384892235150464,0.0401009123084887
"796",0.103997989547705,-0.061442559458235,0.0377495862985339
"797",0.0861920652682804,-0.0363293152980758,0.00286021203780942
"798",0.149714813241196,-0.0574484935210718,0.0212374212864024
"799",0.151561317098277,-0.0538883005338728,0.0321964412115367
"800",0.123175180502922,-0.0681418414058456,-0.0111502668801771
"801",0.13371669422204,-0.0972001430237002,7.35277754499888e-05
"802",0.102882634141338,-0.0919222786435794,0.000963301676147035
"803",0.12486945391356,-0.0716888639701953,-0.00705708807771379
"804",0.113075488841216,-0.0565731522940427,0.026229714311994
"805",0.098420929281754,-0.0824411835686935,-0.0158679547895252
"806",0.126548743627518,-0.0817363071203503,0.0312895140816902
"807",0.134325400626216,-0.0819819034265584,0.013154724313989
"808",0.183228931335585,-0.121183537794658,0.0606643350271577
"809",0.115270689354058,-0.0475738123779567,0.046508011354378
"810",0.134936872478931,-0.0953857973328784,0.00917904441993603
"811",0.143405981522558,-0.0364788140091289,0.023844576681909
"812",0.108810064513731,-0.043634500732336,-0.00475191885443505
"813",0.125791126004389,-0.0717727639537435,-0.00561791837617788
"814",0.129394203965251,-0.0493568925015076,0.0172600120753925
"815",0.111772494347761,-0.0558301384742216,0.00838694839186324
"816",0.09483188084376,-0.0609855787721175,0.00725133020467571
"817",0.0585088362868672,-0.0375684419139897,-0.0198707753615959
"818",0.0838639950939527,-0.0311394560294726,0.0212030645791909
"819",0.115765905886148,-0.0600575566524396,0.0210884034601066
"820",0.117032261540052,-0.0940359785221317,0.0115525036184172
"821",0.0711496562156513,-0.0526224526153737,-0.010408410534099
"822",0.0597794901752153,-0.0655787027956872,0.0734106520598208
"823",0.086748733641509,-0.0302386050378073,0.0194789221527971
"824",0.106877260881115,-0.066390349718574,0.018908896437314
"825",0.111305071935797,-0.101462314022963,0.0114990099498823
"826",0.0978940657605965,-0.0557497486378192,-0.00883095295061387
"827",0.136082509429607,-0.0691049624884203,0.0583185756758106
"828",0.104749800670935,-0.0563962558673319,0.0407948085944638
"829",0.145668382890931,-0.0844433202974733,0.0212064111988708
"830",0.120518081688162,-0.0933935271504112,0.029740588823389
"831",0.117203459492371,-0.0638087425558528,0.00722883090989329
"832",0.167448458105872,-0.0821648449859476,0.0288215369456052
"833",0.154114132644609,-0.0841408163729912,0.0172686331651393
"834",0.124038555995018,-0.0364931397747685,0.0403519156516014
"835",0.115952865609404,-0.0791170427443011,-0.0228646126185548
"836",0.109112037766349,-0.0593564646845253,0.0126764648800069
"837",0.0993813517138196,-0.0294819815069065,0.0213273750471934
"838",0.107552069273668,0.0026164549834634,0.0157319761228889
"839",0.0978389851119943,-0.0534580889393768,0.010723505114238
"840",0.121304115137449,-0.0653054152011621,0.0186174704257451
"841",0.142071760649546,-0.0811606305708008,0.0320720566890094
"842",0.168759105061024,-0.00215226481168104,-0.0335532497882038
"843",0.131641248814739,-0.0663938066666298,-0.0225057935239758
"844",0.140580013349175,-0.0985856647390891,-0.0200507694349311
"845",0.152158468281748,-0.048621012056,-0.0474279423899994
"846",0.126557848508414,-0.083686577165824,0.0109821628565926
"847",0.0641791164051003,0.00480317431561758,-0.00753988939975854
"848",0.118343895091112,-0.0592783902586999,-0.00322522367270997
"849",0.0956510071290239,-0.0032712369392953,0.0321991271118732
"850",0.119303797518024,-0.0452200502625189,0.00880122715076079
"851",0.0647284074121961,-0.0160531967600894,0.0322850085188154
"852",0.137066240515619,-0.072609196127626,0.0371051816644849
"853",0.102793957098971,-0.0661537833037053,0.00490855753699441
"854",0.130305525596021,-0.0272338626428144,-0.01067694821987
"855",0.129111045962688,-0.0589113854029057,-0.0203130392403034
"856",0.101794082919302,-0.0804757474612507,-0.00992236202217311
"857",0.12814609657768,-0.0540627227539471,-0.00568725747664435
"858",0.103345417072219,-0.0869489299157191,-0.0133996454692567
"859",0.103103510819663,-0.0834287766644227,-0.00177812950459955
"860",0.102936717125877,-0.0329062690634704,0.00797570078723596
"861",-0.0115373010508478,0.0723617098500288,0.00226688209578862
"862",0.113676928296559,-0.0628844818662129,-0.00897233357208045
"863",0.0656550811913666,-0.0158831772053021,-0.0159911758224764
"864",0.105414957550979,-0.0377452549494049,0.0112186763604805
"865",0.0971909474788546,-0.0143408959755601,0.0337430103341514
"866",0.0667781247097114,-0.000977774324934261,-0.00225599315596156
"867",0.139636879133619,-0.0729222432547055,0.026167133657203
"868",0.102572715394051,0.00317267579974946,0.0321636112560598
"869",0.123179995435267,-0.0508299915348262,0.0257279919014235
"870",0.112055876986781,0.00333199666762791,0.0102314956453072
"871",0.0750200161902889,-0.0785376059470825,0.0322649980790385
"872",0.111469587110971,-0.0344711411939828,0.0384091978555939
"873",0.117947356251763,-0.0627230275951233,0.016195219242155
"874",0.102551765693811,-0.0292896630046176,0.000595096190155879
"875",0.110077709264257,-0.044607782830833,0.0474458465394399
"876",0.153640053055363,-0.0588068193707574,0.0197462333561385
"877",0.0743294915726066,-0.0491377806940099,0.0202110054112088
"878",0.0979477502518442,-0.0249879149474474,-0.00710803977856782
"879",0.0848484911511918,0.0338838067953322,0.0392155791283923
"880",0.0581404655180733,-0.0676417567051506,-0.0448921350016788
"881",0.128170841042169,-0.0197735449543754,0.00680304796205245
"882",0.153293428411606,-0.107837689423985,-0.0046845171073286
"883",0.160214958370606,-0.0787128667322866,0.0224075985421297
"884",0.135898313659505,-0.0648926057696863,0.0173311692836623
"885",0.109803013915649,-0.0249345875753376,0.0270236172410664
"886",0.137927729983499,-0.0575149562403765,0.00128536350730573
"887",0.142916935318829,-0.0503863155529154,0.0047882563600155
"888",0.110683131399849,-0.0279000618732385,0.00403783704333145
"889",0.0769122924080052,-0.0375507533119588,0.0213676493689629
"890",0.122954022286864,0.00214159278832558,0.0490498052917357
"891",0.119237553117108,-0.0688422254884373,0.0240328674292614
"892",0.11267729667194,-0.0809142796703059,0.0734660060978573
"893",0.0776098531111666,-0.0388212628776808,0.0267578545690932
"894",0.116892441238528,-0.102647737585369,-0.049932397738924
"895",0.132254696725334,-0.085608397314185,-0.00284498953417204
"896",0.115539209943856,-0.0785593539061558,0.0303940087108115
"897",0.0842703751104694,-0.0627610025257996,-0.0166314231124542
"898",0.129638577748603,-0.0520538977026175,0.0304430834968816
"899",0.109581706353165,-0.022838745737228,0.0506737733213857
"900",0.0624710617213791,0.00532964223379017,0.0468767572698069
"901",0.0688747441391571,0.00172409044107205,-0.00974570203015369
"902",0.0773241935319775,-0.0285757424095324,0.0218617552839863
"903",0.114975266816945,-0.0504543546966558,0.0686519466704905
"904",0.11433426344347,-0.0810007114463808,-0.00221315304867601
"905",0.109198897410031,-0.017397824307044,0.0433522906991536
"906",0.121544646644457,0.0302800051078196,0.0254106308306515
"907",0.0699246149628866,0.0143702910900554,0.00782671613457032
"908",0.100382946983514,0.00138943780297055,0.00632657278554626
"909",0.0985540571808414,-0.0327828306799,0.0280049675987067
"910",0.11332050619986,0.00351376141945159,0.0189851778356159
"911",0.135867420666606,-0.0577965488955616,0.0313752661165232
"912",0.13586226999558,-0.0700776620578598,0.0205322728949208
"913",0.136521570765267,-0.0608964816581611,0.00152062245063946
"914",0.0977990971331257,-0.0112866189204329,0.00816124581007749
"915",0.0983436296118207,-0.00685896741905837,0.0266524477684188
"916",0.105907218856234,-0.028634990543791,0.0376446066141551
"917",0.163616603126661,-0.11343949472841,-0.0280822028777112
"918",0.102550447317689,-0.044158556722163,0.0230711291901436
"919",0.0729779440826718,0.0369414209649662,0.0467960516293718
"920",0.0686486430509831,0.00679678223671642,0.013989010081602
"921",0.10612516052109,-0.029565321931092,0.00300249508745468
"922",0.0665942922194857,-0.0110339471126437,0.0414797485145621
"923",0.0977152126789635,-0.00917967530859503,0.0146190669446234
"924",0.0827594145183425,-0.0296079360898546,-0.0124142066582126
"925",0.0841398423517263,-0.0202291154441715,-0.00674815152986154
"926",0.128440745290345,-0.051629603547652,-0.00921678331705065
"927",0.0866271230250949,-0.0383876479086101,-0.029198070901127
"928",0.143280409523706,-0.0462900776543299,-0.000667986023914331
"929",0.113984946112523,-0.0266469757802318,0.00900509401162168
"930",0.126887989223214,-0.00630887241076045,0.014937668778574
"931",0.130273842717246,-0.0311786078389468,-0.0202484047302804
"932",0.101799257388511,-0.0486151361165807,0.0186865771430111
"933",0.103490760591885,-0.0578849291532009,-0.00799954760854666
"934",0.11599594680012,-0.0401789702747504,0.0221018837252645
"935",0.120803749358636,-0.0676890358278128,0.0292391867288633
"936",0.124621279844057,0.0110420955781225,0.038613907117464
"937",0.0709356585258497,-0.0493635734375568,0.00989029569219955
"938",0.0984648945703219,-0.047911032285547,0.0195519813461324
"939",0.0975046765796245,-0.0381028866144077,0.0192806641256656
"940",0.107678364130012,-0.0352113788085807,0.0440218395016645
"941",0.0748443774414216,-0.0626211447016671,0.0224171876194916
"942",0.124397156612123,-0.0663369431377648,-0.0121732957136288
"943",0.118698324219083,0.0280567122655857,0.00544453385734703
"944",0.119267459218978,-0.0543269904185243,3.10212413762802e-05
"945",0.106596052334678,0.021870328928718,0.00487720528484625
"946",0.0992346212717461,-0.0396962583611626,-0.0198005539059632
"947",0.117495423767988,-0.00842494311174733,0.0127260228322175
"948",0.102896524837159,-0.0248887554619843,-0.00915926325592078
"949",0.102695271162113,-0.0211667662497239,0.0160361566218186
"950",0.117466594585679,-0.0524958634159608,0.028795929177688
"951",0.126332787746492,-0.0178691708477281,-0.00277374776365782
"952",0.136702740457282,-0.00151133391647829,-0.0140975443804697
"953",0.0832501407134747,-0.0483191650742034,-0.0100293313891002
"954",0.0903391643364072,-0.0621930905860955,-0.00802061726004085
"955",0.0892768891899644,-0.0577750519454543,0.0149737729174951
"956",0.10508848373523,-0.0218836337337176,0.0361220319305254
"957",0.0803364718426105,-0.0265324662323699,0.0227380149590768
"958",0.050220395277692,0.00343347824625855,-0.0101912800677328
"959",0.107738927774033,-0.0602407073769445,0.0377931830753623
"960",0.138622208723993,-0.00302980153895352,0.0154671077569826
"961",0.0870897124260078,-0.0439843096124047,0.0150060954743202
"962",0.0890068063095718,-0.0164842492501454,0.00589599070332967
"963",0.118933219320239,-0.0728138557210812,0.0217347867684717
"964",0.0923089411531501,-0.0202264841345585,-0.001580018065416
"965",0.119462601974046,-0.0663213101498436,-0.0106658856506147
"966",0.0996456976229964,0.00165868187219946,0.0135783542604682
"967",0.115787911477547,-0.0509183302902497,0.00124293226420791
"968",0.120407108010375,-0.0133553748427438,0.0170725243205507
"969",0.0815754582324744,-0.00768792785833367,-0.00352043518260226
"970",0.121390852178418,0.00815980133270032,0.0480523210671988
"971",0.123042444591442,-0.0465806910851104,-0.00031600827342017
"972",0.0905510133563282,-0.0269918143024733,-0.0101711713479429
"973",0.0693947308433079,0.0169810555842269,0.0421138276047488
"974",0.0713523293747122,0.0140138833535202,0.0226370996067028
"975",0.135586886071914,-0.0548204605560565,0.00909483675388216
"976",0.0828384169216365,-0.0562366452327258,0.0240577159459586
"977",0.128043927394079,-0.0641024468908259,0.02268573156023
"978",0.0989332606807198,-0.0387063793657561,0.0202866894294512
"979",0.132602357218642,-0.011363045105572,0.016821263090263
"980",0.0916394759672777,-0.0614153097565878,0.0131370537261764
"981",0.090384014992211,-0.0569701302036507,-0.0208925454492418
"982",0.135732006029328,-0.0701332429651815,0.0163872138189439
"983",0.121832457493466,-0.0173967126426835,0.0332834626099244
"984",0.0927922559287583,-0.0488478540775459,0.0356706150898323
"985",0.10163601712198,-0.0295745268439207,0.0201866131217807
"986",0.112854050656578,0.014145880649347,0.0369234720957797
"987",0.101333522665503,-0.0539267820540726,0.0251670063819372
"988",0.120873193443249,-0.0470997441023761,0.00738864235559039
"989",0.0930514317153548,-0.00310991009476869,0.0256705471870535
"990",0.0753191235533433,-0.0177953622406172,0.0270198820085482
"991",0.115836705910685,-0.0418285772406561,-0.0044258899561614
"992",0.110806615440343,-0.0358326598953033,0.029770689831689
"993",0.116443459776418,-0.0469671144667739,0.0350748278725154
"994",0.110500401950578,-0.00865650758114925,0.0970324958623689
"995",0.0897888108255078,-0.0407231684284804,-0.0177959022768093
"996",0.124317775351195,0.0218158180507628,0.0303421173190693
"997",0.105847262605376,-0.0670377724779813,0.00216209653027504
"998",0.114719214149475,-0.0493721217316571,0.00877904836280357
"999",0.116708862541193,-0.044884657769406,-0.000765706009549551
"1000",0.120978452220766,-0.056397888593501,-0.00120671588111658
